[
   {
      "id":"822",
      "name":"Rollitos de crepes con salmón y cebollino",
      "url":"https://www.deliberry.com/bundles/deliberrystoretemplate/img/wishlists/822.jpg",
      "time":"15 mins.",
      "category":{
         "id":1,
         "name":"Cocina rápida"
      },
      "cartlines":[
         {
            "name":"Huevos rubios l docena",
            "brand":"Roig",
            "qty":"1",
            "price":"2,15",
            "img":"https://cdn.deliberry.com/images/7606/resize/200/200/5.jpg"
         },
         {
            "name":"Salmón sobre 100g",
            "brand":"Royal",
            "qty":"2",
            "price":"4,23",
            "img":"https://cdn.deliberry.com/images/10049/resize/200/200/5.jpg"
         },
         {
            "name":"Alcaparrones 180g",
            "brand":"Rioverde",
            "qty":"1",
            "price":"2,12",
            "img":"https://cdn.deliberry.com/images/8645/resize/200/200/5.jpg"
         },
         {
            "name":"Cebollas tiernas extra manojo, 500g aprox.",
            "brand":"Cebollas",
            "qty":"1",
            "price":"1,39",
            "img":"https://cdn.deliberry.com/images/29588/resize/200/200/5.jpg"
         },
         {
            "name":"Queso untar philadelphia 230g",
            "brand":"Roig",
            "qty":"1",
            "price":"1,62",
            "img":"https://cdn.deliberry.com/images/14902/resize/200/200/5.jpg"
         }
      ],
      "ingredients":[
         {
            "name":"4 huevos"
         },
         {
            "name":"4-5 lonchas de salmón ahumado"
         },
         {
            "name":"Alcaparras"
         },
         {
            "name":"Cebollino fresco picado"
         },
         {
            "name":"Queso crema para untar"
         },
         {
            "name":"Aceite de oliva y sal"
         }
      ],
      "recipetext":"Primero, prepara y pela las patatas. Córtalas en daditos y colócalos en una cazuela. Cúbrelas con agua, sazona y tápalas. Cuece durante 12-15 minutos y escúrrelas."
   },
   {
      "id":"820",
      "name":"Chupitos de aguacate con huevas de salmón",
      "url":"https://www.deliberry.com/bundles/deliberrystoretemplate/img/wishlists/820.jpg",
      "time":"10 mins.",
      "category":{
         "id":1,
         "name":"Cocina rápida"
      },
      "cartlines":[
         {
            "name":"Huevas de islandia 2 x 50g",
            "brand":"Royal",
            "qty":"1",
            "price":"4,04",
            "img":"https://cdn.deliberry.com/images/10050/resize/200/200/5.jpg"
         },
         {
            "name":"Aguacates bandeja",
            "brand":"Marca Propia",
            "qty":"1",
            "price":"2,99",
            "img":"https://cdn.deliberry.com/images/10324/resize/200/200/5.jpg"
         },
         {
            "name":"Yogur natural 4x125g",
            "brand":"Danone",
            "qty":"1",
            "price":"1,10",
            "img":"https://cdn.deliberry.com/images/7899/resize/200/200/5.jpg"
         },
         {
            "name":"Limones malla 1kg",
            "brand":"Marca Propia",
            "qty":"2",
            "price":"1,85",
            "img":"https://cdn.deliberry.com/images/10308/resize/200/200/5.jpg"
         },
         {
            "name":"Aceite de oliva sabor 1l",
            "brand":"Carbonell",
            "qty":"1",
            "price":"4,95",
            "img":"https://cdn.deliberry.com/images/5777/resize/200/200/5.jpg"
         },
         {
            "name":"Cebollas tiernas extra manojo, 500g aprox.",
            "brand":"Cebollas",
            "qty":"1",
            "price":"1,39",
            "img":"https://cdn.deliberry.com/images/29588/resize/200/200/5.jpg"
         },
         {
            "name":"Nuez cáscara 500g",
            "brand":"Eroski",
            "qty":"1",
            "price":"3,99",
            "img":"https://cdn.deliberry.com/images/31399/resize/200/200/5.jpg"
         }
      ],
      "ingredients":[
         {
            "name":"2 aguacates"
         },
         {
            "name":"125 gr de yogurt natural"
         },
         {
            "name":"25 gr de queso crema"
         },
         {
            "name":"Cucharada de zumo de limón"
         },
         {
            "name":"10 gr de aceite"
         },
         {
            "name":"una pizca de sal"
         },
         {
            "name":"Cebollino"
         },
         {
            "name":"Huevas de salmón"
         },
         {
            "name":"6 ó 8 nueces"
         }
      ],
      "recipetext":"Pelaremos el aguacate y sacaremos la pulpa. La mezclaremos con el yogurt , el queso y lo pasaremos por la batidora."
   },
   {
      "id":"819",
      "name":"Crocanti de foie y almendra",
      "url":"https://www.deliberry.com/bundles/deliberrystoretemplate/img/wishlists/819.jpg",
      "time":"10 mins.",
      "category":{
         "id":1,
         "name":"Cocina rápida"
      },
      "cartlines":[
         {
            "name":"Crocanti de almendra vahiné 100g",
            "brand":"Vahiné",
            "qty":"2",
            "price":"3,19",
            "img":"https://cdn.deliberry.com/images/13600/resize/200/200/5.jpg"
         },
         {
            "name":"Mousse de pato 50 % foie e 150g",
            "brand":"Labeyrie",
            "qty":"1",
            "price":"4,45",
            "img":"https://cdn.deliberry.com/images/15227/resize/200/200/5.jpg"
         }
      ],
      "ingredients":[
         {
            "name":"Dos lata de foie"
         },
         {
            "name":"Crocanti de almendras"
         }
      ],
      "recipetext":"Para hacer estos bombones necesitamos tener bien frío el foie para que no se nos deshaga. Con un sacabocados cortamos pequeñas bolas de foie. Nos ponemos unos guantes de plástico o latex y con las manos terminamos de dar forma esférica a las bolas."
   },
   {
      "id":"818",
      "name":"Canapé de sobrasada y huevos de codorniz",
      "url":"https://www.deliberry.com/bundles/deliberrystoretemplate/img/wishlists/818.jpg",
      "time":"20 mins.",
      "category":{
         "id":1,
         "name":"Cocina rápida"
      },
      "cartlines":[
         {
            "name":"Panrico pan de molde mediano 475g",
            "brand":"Panrico",
            "qty":"1",
            "price":"1,29",
            "img":"https://cdn.deliberry.com/images/8153/resize/200/200/5.jpg"
         },
         {
            "name":"Sobrasada tarrina 200g",
            "brand":"El Zagal",
            "qty":"1",
            "price":"2,00",
            "img":"https://cdn.deliberry.com/images/10265/resize/200/200/5.jpg"
         },
         {
            "name":"Huevos codorniz 18u",
            "brand":"Matines",
            "qty":"1",
            "price":"1,69",
            "img":"https://cdn.deliberry.com/images/7598/resize/200/200/5.jpg"
         }
      ],
      "ingredients":[
         {
            "name":"Pan de molde"
         },
         {
            "name":"Sobrasada"
         },
         {
            "name":"Huevos codorniz"
         }
      ],
      "recipetext":"Calentamos una sartén y marcamos la sobrasada. Es decir, la ponemos de un lado y del otro rápidamente para que no se derrita. Cortamos cada rebanada de pan en cuatro cuadrados y los tostamos (para facilitar el proceso, podemos tostar las rebanadas enteras y cortarlas luego). El pan va a ser la base de nuestros canapés."
   },
   {
      "id":"817",
      "name":"Saquitos de gambas y gulas",
      "url":"https://www.deliberry.com/bundles/deliberrystoretemplate/img/wishlists/817.jpg",
      "time":"30 mins.",
      "category":{
         "id":1,
         "name":"Cocina rápida"
      },
      "cartlines":[
         {
            "name":"Masa hojaldre 500g",
            "brand":"Eroski",
            "qty":"1",
            "price":"1,15",
            "img":"https://cdn.deliberry.com/images/10889/resize/200/200/5.jpg"
         },
         {
            "name":"Gula fresca gambas la gula norte 125g",
            "brand":"La Gula Del Norte",
            "qty":"2",
            "price":"6,40",
            "img":"https://cdn.deliberry.com/images/10652/resize/200/200/5.jpg"
         },
         {
            "name":"Natur ajos morados 250g - 5 uds aprox.",
            "brand":"Eroski",
            "qty":"1",
            "price":"1,49",
            "img":"https://cdn.deliberry.com/images/10344/resize/200/200/5.jpg"
         }
      ],
      "ingredients":[
         {
            "name":"Pasta filo"
         },
         {
            "name":"1 paquete de gulas"
         },
         {
            "name":"200gr. de gambas peladas"
         },
         {
            "name":"Un diente de ajo"
         },
         {
            "name":"Sal y pimienta"
         },
         {
            "name":"Hilo de cocina y cebollino (opcional)"
         }
      ],
      "recipetext":"Doramos un diente de ajo laminadoen un poco de aceite, añadimos las gambas y cuando estén casi listas echamos las gulas.Dejamos un par de minutos, y salpimentamos.Las dejamos poco tiempo porque las gulas no se deben hacer demasiado.Cuando estén listas reservamos."
   },
   {
      "id":"816",
      "name":"Hojaldritos de brie con mermelada de tomate",
      "url":"https://www.deliberry.com/bundles/deliberrystoretemplate/img/wishlists/816.jpg",
      "time":"25 mins.",
      "category":{
         "id":1,
         "name":"Cocina rápida"
      },
      "cartlines":[
         {
            "name":"Masa de hojaldre extendida caja 500 gr",
            "brand":"Dia",
            "qty":"1",
            "price":"1,09",
            "img":"https://cdn.deliberry.com/images/27793/resize/200/200/5.jpg"
         },
         {
            "name":"Punta de queso brie envase 200g",
            "brand":"President",
            "qty":"1",
            "price":"2,20",
            "img":"https://cdn.deliberry.com/images/29999/resize/200/200/5.jpg"
         },
         {
            "name":"Mermelada de tomate y albahaca frasco 215 gr",
            "brand":"Hero",
            "qty":"1",
            "price":"1,75",
            "img":"https://cdn.deliberry.com/images/23777/resize/200/200/5.jpg"
         },
         {
            "name":"Pimienta negra molida frasco 45 gr",
            "brand":"Dani",
            "qty":"1",
            "price":"1,59",
            "img":"https://cdn.deliberry.com/images/28031/resize/200/200/5.jpg"
         },
         {
            "name":"Huevos camperos categoría a clase m estuche 6 uds",
            "brand":"Camar",
            "qty":"1",
            "price":"1,23",
            "img":"https://cdn.deliberry.com/images/30134/resize/200/200/5.jpg"
         }
      ],
      "ingredients":[
         {
            "name":"1 lámina de masa de hojaldre refrigerada"
         },
         {
            "name":"Queso Brie"
         },
         {
            "name":"Mermelada de tomate"
         },
         {
            "name":"Pimienta negra"
         },
         {
            "name":"1 huevo ligeramente batido"
         }
      ],
      "recipetext":"Precalentar el horno a 200ºC y preparar una bandeja. Estirar la masa de hojaldre hasta dejar un grosor de unos 3-4 mm y una textura homogénea y lisa. Con ayuda de un cortapastas o un vaso, cortar porciones redondas, siempre en número par."
   },
   {
      "id":"1026",
      "name":"Aperitivo para noche de futbol",
      "url":"https://www.deliberry.com/bundles/deliberrystoretemplate/img/wishlists/1026.jpg",
      "time":"10 mins.",
      "category":{
         "id":1,
         "name":"Cocina rápida"
      },
      "cartlines":[
         {
            "name":"Chips natural santa maria, paquete 200 gramos",
            "brand":"Santa Maria",
            "qty":"1",
            "price":"1,99",
            "img":"https://cdn.deliberry.com/images/17728/resize/200/200/5.jpg"
         },
         {
            "name":"Jamon york para sandwich el pozo, paquete 375 gramos",
            "brand":"El Pozo",
            "qty":"1",
            "price":"2,00",
            "img":"https://cdn.deliberry.com/images/157/resize/200/200/5.jpg"
         },
         {
            "name":"Espetec tarradellas, 180 gramos",
            "brand":"Tarradellas",
            "qty":"1",
            "price":"1,79",
            "img":"https://cdn.deliberry.com/images/182/resize/200/200/5.jpg"
         },
         {
            "name":"Chorizo cular ibérico estanislao sánchez, 250 gramos",
            "brand":"Arturo Sánchez",
            "qty":"1",
            "price":"5,99",
            "img":"https://cdn.deliberry.com/images/5690/resize/200/200/5.jpg"
         },
         {
            "name":"Tomate pera cherry, bandeja",
            "brand":"Marca Propia",
            "qty":"1",
            "price":"1,99",
            "img":"https://cdn.deliberry.com/images/19085/resize/200/200/5.jpg"
         },
         {
            "name":"Palitos saladitos velarte, bolsa 250 gramos",
            "brand":"VELARTE",
            "qty":"1",
            "price":"1,00",
            "img":"https://cdn.deliberry.com/images/30807/resize/200/200/5.jpg"
         },
         {
            "name":"Palitos tostados con aceite de oliva bimbo, bolsa 60 gramos",
            "brand":"Bimbo",
            "qty":"1",
            "price":"1,13",
            "img":"https://cdn.deliberry.com/images/18636/resize/200/200/5.jpg"
         },
         {
            "name":"Queso brie president 60% m.g., pieza 200 gramos",
            "brand":"President",
            "qty":"1",
            "price":"2,29",
            "img":"https://cdn.deliberry.com/images/20755/resize/200/200/5.jpg"
         },
         {
            "name":"Cacahuetes salados térmens, bolsa 150 gramos",
            "brand":"TERMENS",
            "qty":"1",
            "price":"0,44",
            "img":"https://cdn.deliberry.com/images/1367/resize/200/200/5.jpg"
         },
         {
            "name":"Galletas saladas alteza, paquete 350 gramos",
            "brand":"Alteza",
            "qty":"1",
            "price":"1,13",
            "img":"https://cdn.deliberry.com/images/18555/resize/200/200/5.jpg"
         },
         {
            "name":"Paleta ibérica cebo deshuesada arturo sánchez, 250 g",
            "brand":"Arturo Sanchez",
            "qty":"1",
            "price":"11,99",
            "img":"https://cdn.deliberry.com/images/19318/resize/200/200/5.jpg"
         }
      ],
      "ingredients":[
         {
            "name":"Patatas chips"
         },
         {
            "name":"Palitos"
         },
         {
            "name":"Fuet"
         },
         {
            "name":"Chorizo Ibérico"
         },
         {
            "name":"Paletilla ibérica deshuesada 250gr."
         },
         {
            "name":"Queso Brie"
         },
         {
            "name":"Jamón dulce"
         },
         {
            "name":"Cacahuetes"
         },
         {
            "name":"Tomates Cherry"
         },
         {
            "name":"Galletas saladas"
         }
      ],
      "recipetext":"La comida que elijas para hoy debe poder comerse fría o templada, de esta forma, nadie se perderá ni un minuto del partido (No queremos que te pierdas ni un gol). Así que para que hoy disfrutes de tu día tranquilamente mientras tu #MamaShopper elige los mejores productos para ti, hemos realizado una lista con los productos básicos que deberías tener en una noche de futbol ¿Lo mejor? Solo tendrás que añadirlos a tu carrito y elegir la hora que quieres que lleguen a casa."
   },
   {
      "id":"1050",
      "name":"Zumo DeliDetox",
      "url":"https://www.deliberry.com/bundles/deliberrystoretemplate/img/wishlists/1050.jpg",
      "time":"8 mins.",
      "category":{
         "id":2,
         "name":"Cocina fuego lento"
      },
      "cartlines":[
         {
            "name":"Fresa, bandeja de 250 gramos",
            "brand":"MARCA PROPIA",
            "qty":"1",
            "price":"2,99",
            "img":"https://cdn.deliberry.com/images/19064/resize/200/200/5.jpg"
         },
         {
            "name":"Bebida de almendras almendrola, brick 1 litro",
            "brand":"ALMENDROLA",
            "qty":"1",
            "price":"1,75",
            "img":"https://cdn.deliberry.com/images/2183/resize/200/200/5.jpg"
         },
         {
            "name":"Frambuesa, bandeja 125 gramos",
            "brand":"MARCA PROPIA",
            "qty":"1",
            "price":"2,99",
            "img":"https://cdn.deliberry.com/images/23777/resize/200/200/5.jpg"
         },
         {
            "name":"Zumo de naranja sonatural, botella 750 ml",
            "brand":"Sonatural",
            "qty":"1",
            "price":"2,99",
            "img":"https://cdn.deliberry.com/images/31007/resize/200/200/5.jpg"
         }
      ],
      "ingredients":[
         {
            "name":"Fresas 250 gr."
         },
         {
            "name":"Frambuesas 125 gr."
         },
         {
            "name":"Zumo de naranja"
         },
         {
            "name":"Bebida de almendras"
         }
      ],
      "recipetext":"Pelar, cortar y lavar los ingredientes, añadir el zumo de naranja y la leche de almendras. Batir todo con una batidora de mano."
   },
   {
      "id":"1080",
      "name":"Ensalada de invierno",
      "url":"https://www.deliberry.com/bundles/deliberrystoretemplate/img/wishlists/1080.jpg",
      "time":"10 mins.",
      "category":{
         "id":2,
         "name":"Cocina fuego lento"
      },
      "cartlines":[
         {
            "name":"Perejil manojo 125 gr",
            "brand":"DIA",
            "qty":"1",
            "price":"0,50",
            "img":"https://cdn.deliberry.com/images/23540/resize/200/200/5.jpg"
         },
         {
            "name":"Zanahoria tierna bandeja 500g",
            "brand":"DIA",
            "qty":"1",
            "price":"0,89",
            "img":"https://cdn.deliberry.com/images/23538/resize/200/200/5.jpg"
         },
         {
            "name":"Nueces mondadas bolsa 150gr",
            "brand":"MARCA PROPIA",
            "qty":"1",
            "price":"2,03",
            "img":"https://cdn.deliberry.com/images/27512/resize/200/200/5.jpg"
         },
         {
            "name":"Aceituna negra s/h lata 120gr",
            "brand":"El Buque",
            "qty":"1",
            "price":"0,65",
            "img":"https://cdn.deliberry.com/images/29990/resize/200/200/5.jpg"
         },
         {
            "name":"Tomillo frasco 18 gr",
            "brand":"DIA",
            "qty":"1",
            "price":"2,00",
            "img":"https://cdn.deliberry.com/images/28034/resize/200/200/5.jpg"
         },
         {
            "name":"Vinagre balsamico de modena botella 50 cl",
            "brand":"DIA",
            "qty":"1",
            "price":"2,00",
            "img":"https://cdn.deliberry.com/images/27801/resize/200/200/5.jpg"
         },
         {
            "name":"La asturiana garbanzo cocido frasco 400gr",
            "brand":"La Asturiana",
            "qty":"1",
            "price":"0,85",
            "img":"https://cdn.deliberry.com/images/26737/resize/200/200/5.jpg"
         },
         {
            "name":"Tomate cherry en rama cesta 300 g",
            "brand":"Dia",
            "qty":"1",
            "price":"1,10",
            "img":"https://cdn.deliberry.com/images/23530/resize/200/200/5.jpg"
         }
      ],
      "ingredients":[
         {
            "name":"Garbanzos"
         },
         {
            "name":"Perejil"
         },
         {
            "name":"Tomates cherry"
         },
         {
            "name":"Zanahoria"
         },
         {
            "name":"Nueces"
         },
         {
            "name":"1 Patata"
         },
         {
            "name":"Aceitunas negras"
         },
         {
            "name":"Tomillo"
         },
         {
            "name":"Aceite y Vinagre de Módena"
         }
      ],
      "recipetext":"Lavar el perejil, la zanahoria, los garbanzos y los tomates. Cortar el perfil, la zanahoria y los tomates como os mostramos en vídeo, añadirlos junto a los garbanzos en un bol."
   },
   {
      "id":"1160",
      "name":"Noche de cine en casa",
      "url":"https://www.deliberry.com/bundles/deliberrystoretemplate/img/wishlists/1160.jpg",
      "time":"8 mins.",
      "category":{
         "id":2,
         "name":"Cocina fuego lento"
      },
      "cartlines":[
         {
            "name":"Palomitas dulces popitas borges, bolsa 100 gramos",
            "brand":"Borges",
            "qty":"1",
            "price":"0,99",
            "img":"https://cdn.deliberry.com/images/1375/resize/200/200/5.jpg"
         },
         {
            "name":"Trina sin azucar, botella 1.5 l",
            "brand":"Trina",
            "qty":"1",
            "price":"1,04",
            "img":"https://cdn.deliberry.com/images/1569/resize/200/200/5.jpg"
         },
         {
            "name":"Zumo de zanahoria sonatural, botella 750 ml",
            "brand":"Sonatural",
            "qty":"1",
            "price":"3,85",
            "img":"https://cdn.deliberry.com/images/31008/resize/200/200/5.jpg"
         },
         {
            "name":"Vino blanco chardonnay veranza valle del cinca, 75 cl",
            "brand":"Veranza",
            "qty":"1",
            "price":"2,42",
            "img":"https://cdn.deliberry.com/images/19581/resize/200/200/5.jpg"
         },
         {
            "name":"Piccolini frankfurt buitoni, paquete 270 gramos",
            "brand":"Buitoni",
            "qty":"1",
            "price":"2,85",
            "img":"https://cdn.deliberry.com/images/18868/resize/200/200/5.jpg"
         },
         {
            "name":"Pannini hot dog dr.oetker, paquete 250 gramos",
            "brand":"Dr.oetker",
            "qty":"1",
            "price":"2,78",
            "img":"https://cdn.deliberry.com/images/18871/resize/200/200/5.jpg"
         },
         {
            "name":"Piccolinis de 3 quesos buitoni, envase 270 gramos",
            "brand":"Buitoni",
            "qty":"1",
            "price":"2,85",
            "img":"https://cdn.deliberry.com/images/18838/resize/200/200/5.jpg"
         },
         {
            "name":"Palomitas con sal popitas borges, bolsa 100 gramos",
            "brand":"Borges",
            "qty":"1",
            "price":"0,99",
            "img":"https://cdn.deliberry.com/images/1368/resize/200/200/5.jpg"
         },
         {
            "name":"Patatas fritas extra crujientes alteza, bolsa 150 gramos",
            "brand":"Alteza",
            "qty":"1",
            "price":"1,00",
            "img":"https://cdn.deliberry.com/images/18787/resize/200/200/5.jpg"
         },
         {
            "name":"Olivas gazpacha alteza, tarrina 200 gramos",
            "brand":"Alteza",
            "qty":"1",
            "price":"1,00",
            "img":"https://cdn.deliberry.com/images/1460/resize/200/200/5.jpg"
         }
      ],
      "ingredients":[
         {
            "name":"Palomitas"
         },
         {
            "name":"Patatas fritas"
         },
         {
            "name":"Piccolinis de queso"
         },
         {
            "name":"Piccolinis de frankfurt"
         },
         {
            "name":"Mini Hot Dogs"
         },
         {
            "name":"Olivas"
         },
         {
            "name":"Vino Blanco Chardonnay"
         },
         {
            "name":"Trina sin azucar"
         },
         {
            "name":"Zumo de zanahoria"
         }
      ],
      "recipetext":"Acomoda el salón o el espacio en el que vais a ver la película. Lleva todo lo necesario al espacio para que no tengas que levantarte tantas veces que te pierdas la película. Ponte ropa cómoda, coge las bebidas, comida, almohadas extras, mantas pequeñas, alguna chaqueta y velas para no dejar el salón a oscuras y darle un aire más cálido."
   }
]